old,new
NCT04590820,NCT04762160
NCT04510038,NCT04762771
NCT04851236,NCT04018508
NCT04707222,NCT05024188
NCT02476071,NCT02448823
NCT02692924,NCT03266198
NCT02826863,NCT02682927
NCT04363502,NCT04343989
NCT04536623,NCT04254484
NCT04672213,NCT03849443
NCT04697550,NCT05002153
NCT04860739,NCT05378191
NCT04899973,NCT05516342
NCT05028296,NCT04114006
NCT05033340,NCT04173273
NCT05181410,NCT05277727
NCT05305755,NCT05538221
NCT05339152,NCT03138863
NCT05351450,NCT05366296
NCT05364151,NCT03952416
NCT05368727,NCT03281798
NCT05387421,NCT05315414
NCT05401656,NA
NCT05404282,NCT03328273
NCT05406375,NCT04896541
NCT05436431,NA
NCT05455216,NA
NCT05542433,NCT05497843
